First Name,Last Name,Email,Phone,Job Title,DOB (YYYY/mm/dd),Gender
John,Doe,john.doe@example.com,123-456-7890,Software Engineer,1990/01/15,Male
Jane,Smith,jane.smith@example.com,123-456-7891,HR Manager,1985/03/22,Female
Alice,Johnson,alice.johnson@example.com,123-456-7892,Data Scientist,1992/07/09,Female
Bob,Williams,bob.williams@example.com,123-456-7893,Product Manager,1988/12/01,Male
Charlie,Brown,charlie.brown@example.com,123-456-7894,Marketing Specialist,1994/11/30,Male
Eve,Davis,eve.davis@example.com,123-456-7895,Sales Executive,1993/05/13,Female
David,Martinez,david.martinez@example.com,123-456-7896,UI/UX Designer,1991/09/17,Male
Sophia,Garcia,sophia.garcia@example.com,123-456-7897,Business Analyst,1990/02/28,Female
Liam,Miller,liam.miller@example.com,123-456-7898,DevOps Engineer,1995/08/23,Male
Olivia,Moore,olivia.moore@example.com,123-456-7899,Content Writer,1989/04/10,Female
